{
    "ΑΥΤΟΒΟΥΛΩΣ": [
        " ",
        " "
    ],
    "ΠΥΛΕΣ ΕΙΣΟΔΟΥ": [
        " ",
        " "
    ],
    "ΑΓΙΟ ΟΡΟΣ": [
        24.215273100000005,
        40.26449279999999
    ],
    "ΑΙΤΩΛΟΑΚΑΡΝΑΝΙΑΣ": [
        21.3798928,
        38.7084386
    ],
    "ΑΡΓΟΛΙΔΑΣ": [
        22.858217,
        37.6525404
    ],
    "ΑΡΚΑΔΙΑΣ": [
        22.333776899999997,
        37.5557825
    ],
    "ΑΡΤΑΣ": [
        20.987683899999997,
        39.1582421
    ],
    "ΑΤΤΙΚΗΣ": [
        23.8584737,
        38.0457568
    ],
    "ΑΧΑΪΑΣ": [
        21.9522491,
        38.1158729
    ],
    "ΒΟΙΩΤΙΑΣ": [
        23.0965064,
        38.3663664
    ],
    "ΓΡΕΒΕΝΩΝ": [
        21.4273299,
        40.0837626
    ],
    "ΔΡΑΜΑΣ": [
        24.146948899999998,
        41.1502273
    ],
    "ΔΩΔΕΚΑΝΗΣΩΝ": [
        27.928598200000003,
        36.4029176
    ],
    "ΕΒΡΟΥ": [
        26.135943100000002,
        41.2443761
    ],
    "ΕΥΒΟΙΑΣ": [
        23.8584737,
        38.5236036
    ],
    "ΕΥΡΥΤΑΝΙΑΣ": [
        21.7137694,
        39.0032334
    ],
    "ΖΑΚΥΝΘΟΥ": [
        20.899875899999998,
        37.7870331
    ],
    "ΗΛΕΙΑΣ": [
        21.5706786,
        37.7045099
    ],
    "ΗΜΑΘΙΑΣ": [
        22.1430215,
        40.6060067
    ],
    "ΗΡΑΚΛΕΙΟΥ": [
        25.144212600000003,
        35.3387352
    ],
    "ΘΕΣΠΡΩΤΙΑΣ": [
        20.3785438,
        39.4935011
    ],
    "ΘΕΣΣΑΛΟΝΙΚΗΣ": [
        22.9444191,
        40.6400629
    ],
    "ΙΩΑΝΝΙΝΩΝ": [
        20.8537466,
        39.665028799999995
    ],
    "ΚΑΒΑΛΑΣ": [
        24.412866,
        40.937607
    ],
    "ΚΑΡΔΙΤΣΑΣ": [
        21.9214049,
        39.3640258
    ],
    "ΚΑΣΤΟΡΙΑΣ": [
        21.2687171,
        40.5192691
    ],
    "ΚΕΡΚΥΡΑΣ": [
        19.9216777,
        39.6242621
    ],
    "ΚΕΦΑΛΛΟΝΙΑΣ": [
        20.569217899999998,
        38.1753675
    ],
    "ΚΙΛΚΙΣ": [
        22.8753674,
        40.9937071
    ],
    "ΚΟΖΑΝΗΣ": [
        21.7887737,
        40.3005586
    ],
    "ΚΟΡΙΝΘΟΥ": [
        22.5245093,
        38.0022977
    ],
    "ΚΥΚΛΑΔΩΝ": [
        25.068735600000004,
        37.154824700000006
    ],
    "ΛΑΚΩΝΙΑΣ": [
        22.5245093,
        37.02990870000001
    ],
    "ΛΑΡΙΣΑΣ": [
        22.4191254,
        39.6390224
    ],
    "ΛΑΣΙΘΙΟΥ": [
        25.7101789,
        35.0811693
    ],
    "ΛΕΣΒΟΥ": [
        26.277707300000003,
        39.264509499999996
    ],
    "ΛΕΥΚΑΔΑΣ": [
        20.640729999999998,
        38.7066464
    ],
    "ΜΑΓΝΗΣΙΑΣ": [
        22.762883,
        39.2686199
    ],
    "ΜΕΣΣΗΝΙΑΣ": [
        21.9522491,
        37.1424653
    ],
    "ΞΑΝΘΗΣ": [
        24.8877024,
        41.1362513
    ],
    "ΠΕΛΛΑΣ": [
        22.1430215,
        40.914803899999995
    ],
    "ΠΙΕΡΙΑΣ": [
        22.4768287,
        40.2669099
    ],
    "ΠΡΕΒΕΖΑΣ": [
        20.7517155,
        38.9592649
    ],
    "ΡΕΘΥΜΝΟΥ": [
        24.491983800000003,
        35.3655545
    ],
    "ΡΟΔΟΠΗΣ": [
        25.568108399999996,
        41.0795681
    ],
    "ΣΑΜΟΥ": [
        26.9777701,
        37.7547857
    ],
    "ΣΕΡΡΩΝ": [
        23.5483819,
        41.0863854
    ],
    "ΤΡΙΚΑΛΩΝ": [
        21.7678951,
        39.5557317
    ],
    "ΦΘΙΩΤΙΔΑΣ": [
        22.333776899999997,
        38.999784999999996
    ],
    "ΦΛΩΡΙΝΑΣ": [
        21.413122199999997,
        40.7845262
    ],
    "ΦΩΚΙΔΑΣ": [
        22.1430215,
        38.5598641
    ],
    "ΧΑΛΚΙΔΙΚΗΣ": [
        23.287085,
        40.369499700000006
    ],
    "ΧΑΝΙΩΝ": [
        24.0180367,
        35.513829799999996
    ],
    "ΧΙΟΥ": [
        26.1310056,
        38.368182399999995
    ]
}